<?xml version="1.0" encoding="UTF-8"?><font><info face="battery-font" size="48" bold="0" italic="0" charset="" unicode="1" stretchH="100" smooth="1" aa="1" padding="1,1,1,1" spacing="1,1"/><common lineHeight="48" base="39" scaleW="332" scaleH="332" pages="1" packed="0"/><pages><page id="0" file="battery-font.png"/></pages><chars count="91"><char id="32" x="0" y="0" width="0" height="0" xoffset="0" yoffset="0" xadvance="14" page="0" chnl="15"/><!--   --><char id="33" x="282" y="282" width="11" height="41" xoffset="3" yoffset="3" xadvance="14" page="0" chnl="15"/><!-- ! --><char id="34" x="282" y="263" width="18" height="18" xoffset="1" yoffset="3" xadvance="18" page="0" chnl="15"/><!-- " --><char id="35" x="124" y="252" width="31" height="41" xoffset="-1" yoffset="3" xadvance="27" page="0" chnl="15"/><!-- # --><char id="36" x="159" y="42" width="29" height="47" xoffset="0" yoffset="1" xadvance="27" page="0" chnl="15"/><!-- $ --><char id="37" x="0" y="136" width="43" height="41" xoffset="1" yoffset="3" xadvance="43" page="0" chnl="15"/><!-- % --><char id="38" x="89" y="126" width="34" height="41" xoffset="1" yoffset="3" xadvance="33" page="0" chnl="15"/><!-- & --><char id="39" x="178" y="311" width="10" height="18" xoffset="1" yoffset="3" xadvance="10" page="0" chnl="15"/><!-- ' --><char id="40" x="303" y="0" width="17" height="51" xoffset="2" yoffset="3" xadvance="17" page="0" chnl="15"/><!-- ( --><char id="41" x="303" y="52" width="17" height="51" xoffset="2" yoffset="3" xadvance="17" page="0" chnl="15"/><!-- ) --><char id="42" x="62" y="294" width="21" height="21" xoffset="0" yoffset="3" xadvance="19" page="0" chnl="15"/><!-- * --><char id="43" x="89" y="304" width="29" height="28" xoffset="1" yoffset="10" xadvance="29" page="0" chnl="15"/><!-- + --><char id="44" x="178" y="292" width="10" height="18" xoffset="3" yoffset="33" xadvance="14" page="0" chnl="15"/><!-- , --><char id="45" x="62" y="316" width="19" height="10" xoffset="0" yoffset="23" xadvance="17" page="0" chnl="15"/><!-- - --><char id="46" x="321" y="32" width="11" height="11" xoffset="3" yoffset="33" xadvance="14" page="0" chnl="15"/><!-- . --><char id="47" x="282" y="146" width="19" height="41" xoffset="-1" yoffset="3" xadvance="14" page="0" chnl="15"/><!-- / --><char id="48" x="195" y="206" width="28" height="41" xoffset="1" yoffset="3" xadvance="27" page="0" chnl="15"/><!-- 0 --><char id="49" x="282" y="221" width="18" height="41" xoffset="4" yoffset="3" xadvance="27" page="0" chnl="15"/><!-- 1 --><char id="50" x="159" y="133" width="29" height="41" xoffset="0" yoffset="3" xadvance="27" page="0" chnl="15"/><!-- 2 --><char id="51" x="195" y="248" width="28" height="41" xoffset="1" yoffset="3" xadvance="27" page="0" chnl="15"/><!-- 3 --><char id="52" x="164" y="0" width="30" height="41" xoffset="-1" yoffset="3" xadvance="27" page="0" chnl="15"/><!-- 4 --><char id="53" x="225" y="0" width="28" height="41" xoffset="1" yoffset="3" xadvance="27" page="0" chnl="15"/><!-- 5 --><char id="54" x="159" y="175" width="29" height="41" xoffset="0" yoffset="3" xadvance="27" page="0" chnl="15"/><!-- 6 --><char id="55" x="225" y="42" width="28" height="41" xoffset="1" yoffset="3" xadvance="27" page="0" chnl="15"/><!-- 7 --><char id="56" x="225" y="84" width="28" height="41" xoffset="1" yoffset="3" xadvance="27" page="0" chnl="15"/><!-- 8 --><char id="57" x="225" y="126" width="28" height="41" xoffset="1" yoffset="3" xadvance="27" page="0" chnl="15"/><!-- 9 --><char id="58" x="321" y="0" width="11" height="31" xoffset="3" yoffset="13" xadvance="14" page="0" chnl="15"/><!-- : --><char id="59" x="51" y="294" width="10" height="38" xoffset="3" yoffset="13" xadvance="14" page="0" chnl="15"/><!-- ; --><char id="61" x="195" y="99" width="29" height="20" xoffset="1" yoffset="14" xadvance="29" page="0" chnl="15"/><!-- = --><char id="63" x="225" y="210" width="28" height="41" xoffset="1" yoffset="3" xadvance="27" page="0" chnl="15"/><!-- ? --><char id="64" x="0" y="42" width="50" height="51" xoffset="1" yoffset="3" xadvance="49" page="0" chnl="15"/><!-- @ --><char id="65" x="51" y="84" width="37" height="41" xoffset="-1" yoffset="3" xadvance="33" page="0" chnl="15"/><!-- A --><char id="66" x="124" y="126" width="32" height="41" xoffset="2" yoffset="3" xadvance="33" page="0" chnl="15"/><!-- B --><char id="67" x="51" y="252" width="36" height="41" xoffset="1" yoffset="3" xadvance="35" page="0" chnl="15"/><!-- C --><char id="68" x="90" y="42" width="34" height="41" xoffset="2" yoffset="3" xadvance="35" page="0" chnl="15"/><!-- D --><char id="69" x="124" y="168" width="32" height="41" xoffset="2" yoffset="3" xadvance="33" page="0" chnl="15"/><!-- E --><char id="70" x="159" y="217" width="29" height="41" xoffset="3" yoffset="3" xadvance="30" page="0" chnl="15"/><!-- F --><char id="71" x="51" y="42" width="38" height="41" xoffset="1" yoffset="3" xadvance="38" page="0" chnl="15"/><!-- G --><char id="72" x="89" y="178" width="33" height="41" xoffset="2" yoffset="3" xadvance="35" page="0" chnl="15"/><!-- H --><char id="73" x="321" y="128" width="10" height="41" xoffset="3" yoffset="3" xadvance="14" page="0" chnl="15"/><!-- I --><char id="74" x="254" y="284" width="25" height="41" xoffset="0" yoffset="3" xadvance="25" page="0" chnl="15"/><!-- J --><char id="75" x="89" y="84" width="34" height="41" xoffset="2" yoffset="3" xadvance="33" page="0" chnl="15"/><!-- K --><char id="76" x="254" y="0" width="27" height="41" xoffset="2" yoffset="3" xadvance="27" page="0" chnl="15"/><!-- L --><char id="77" x="0" y="255" width="39" height="41" xoffset="2" yoffset="3" xadvance="41" page="0" chnl="15"/><!-- M --><char id="78" x="89" y="220" width="33" height="41" xoffset="2" yoffset="3" xadvance="35" page="0" chnl="15"/><!-- N --><char id="79" x="53" y="0" width="39" height="41" xoffset="1" yoffset="3" xadvance="38" page="0" chnl="15"/><!-- O --><char id="80" x="124" y="210" width="32" height="41" xoffset="2" yoffset="3" xadvance="33" page="0" chnl="15"/><!-- P --><char id="81" x="0" y="211" width="39" height="43" xoffset="1" yoffset="3" xadvance="38" page="0" chnl="15"/><!-- Q --><char id="82" x="93" y="0" width="36" height="41" xoffset="2" yoffset="3" xadvance="35" page="0" chnl="15"/><!-- R --><char id="83" x="89" y="262" width="33" height="41" xoffset="1" yoffset="3" xadvance="33" page="0" chnl="15"/><!-- S --><char id="84" x="130" y="0" width="33" height="41" xoffset="0" yoffset="3" xadvance="30" page="0" chnl="15"/><!-- T --><char id="85" x="125" y="42" width="33" height="41" xoffset="2" yoffset="3" xadvance="35" page="0" chnl="15"/><!-- U --><char id="86" x="51" y="126" width="37" height="41" xoffset="-1" yoffset="3" xadvance="33" page="0" chnl="15"/><!-- V --><char id="87" x="0" y="94" width="50" height="41" xoffset="-1" yoffset="3" xadvance="46" page="0" chnl="15"/><!-- W --><char id="88" x="51" y="168" width="37" height="41" xoffset="-1" yoffset="3" xadvance="33" page="0" chnl="15"/><!-- X --><char id="89" x="51" y="210" width="37" height="41" xoffset="-1" yoffset="3" xadvance="33" page="0" chnl="15"/><!-- Y --><char id="90" x="124" y="84" width="33" height="41" xoffset="0" yoffset="3" xadvance="30" page="0" chnl="15"/><!-- Z --><char id="91" x="303" y="156" width="15" height="51" xoffset="2" yoffset="3" xadvance="14" page="0" chnl="15"/><!-- [ --><char id="93" x="303" y="208" width="15" height="51" xoffset="0" yoffset="3" xadvance="14" page="0" chnl="15"/><!-- ] --><char id="94" x="254" y="258" width="26" height="25" xoffset="0" yoffset="3" xadvance="23" page="0" chnl="15"/><!-- ^ --><char id="95" x="89" y="168" width="34" height="9" xoffset="-2" yoffset="44" xadvance="27" page="0" chnl="15"/><!-- _ --><char id="97" x="124" y="294" width="29" height="32" xoffset="0" yoffset="12" xadvance="27" page="0" chnl="15"/><!-- a --><char id="98" x="225" y="252" width="27" height="41" xoffset="2" yoffset="3" xadvance="27" page="0" chnl="15"/><!-- b --><char id="99" x="225" y="294" width="27" height="32" xoffset="1" yoffset="12" xadvance="25" page="0" chnl="15"/><!-- c --><char id="100" x="225" y="168" width="28" height="41" xoffset="0" yoffset="3" xadvance="27" page="0" chnl="15"/><!-- d --><char id="101" x="159" y="259" width="29" height="32" xoffset="0" yoffset="12" xadvance="27" page="0" chnl="15"/><!-- e --><char id="102" x="282" y="0" width="20" height="41" xoffset="-1" yoffset="3" xadvance="14" page="0" chnl="15"/><!-- f --><char id="103" x="195" y="120" width="28" height="42" xoffset="0" yoffset="12" xadvance="27" page="0" chnl="15"/><!-- g --><char id="104" x="254" y="108" width="26" height="41" xoffset="2" yoffset="3" xadvance="27" page="0" chnl="15"/><!-- h --><char id="105" x="321" y="44" width="10" height="41" xoffset="2" yoffset="3" xadvance="11" page="0" chnl="15"/><!-- i --><char id="106" x="303" y="104" width="16" height="51" xoffset="-4" yoffset="3" xadvance="11" page="0" chnl="15"/><!-- j --><char id="107" x="254" y="150" width="26" height="41" xoffset="2" yoffset="3" xadvance="25" page="0" chnl="15"/><!-- k --><char id="108" x="321" y="86" width="10" height="41" xoffset="2" yoffset="3" xadvance="11" page="0" chnl="15"/><!-- l --><char id="109" x="0" y="297" width="39" height="32" xoffset="2" yoffset="12" xadvance="41" page="0" chnl="15"/><!-- m --><char id="110" x="254" y="192" width="26" height="32" xoffset="2" yoffset="12" xadvance="27" page="0" chnl="15"/><!-- n --><char id="111" x="195" y="0" width="29" height="32" xoffset="0" yoffset="12" xadvance="27" page="0" chnl="15"/><!-- o --><char id="112" x="195" y="290" width="27" height="42" xoffset="2" yoffset="12" xadvance="27" page="0" chnl="15"/><!-- p --><char id="113" x="195" y="163" width="28" height="42" xoffset="0" yoffset="12" xadvance="27" page="0" chnl="15"/><!-- q --><char id="114" x="282" y="188" width="19" height="32" xoffset="2" yoffset="12" xadvance="17" page="0" chnl="15"/><!-- r --><char id="115" x="254" y="42" width="27" height="32" xoffset="0" yoffset="12" xadvance="25" page="0" chnl="15"/><!-- s --><char id="116" x="159" y="292" width="18" height="40" xoffset="-1" yoffset="4" xadvance="14" page="0" chnl="15"/><!-- t --><char id="117" x="254" y="225" width="26" height="32" xoffset="2" yoffset="12" xadvance="27" page="0" chnl="15"/><!-- u --><char id="118" x="195" y="33" width="29" height="32" xoffset="-1" yoffset="12" xadvance="25" page="0" chnl="15"/><!-- v --><char id="119" x="0" y="178" width="40" height="32" xoffset="-1" yoffset="12" xadvance="35" page="0" chnl="15"/><!-- w --><char id="120" x="195" y="66" width="29" height="32" xoffset="-1" yoffset="12" xadvance="25" page="0" chnl="15"/><!-- x --><char id="121" x="159" y="90" width="29" height="42" xoffset="-1" yoffset="12" xadvance="25" page="0" chnl="15"/><!-- y --><char id="122" x="254" y="75" width="27" height="32" xoffset="0" yoffset="12" xadvance="25" page="0" chnl="15"/><!-- z --><char id="123" x="282" y="42" width="19" height="51" xoffset="0" yoffset="3" xadvance="17" page="0" chnl="15"/><!-- { --><char id="124" x="321" y="170" width="9" height="51" xoffset="3" yoffset="3" xadvance="13" page="0" chnl="15"/><!-- | --><char id="125" x="282" y="94" width="19" height="51" xoffset="0" yoffset="3" xadvance="17" page="0" chnl="15"/><!-- } --><char id="8470" x="0" y="0" width="52" height="41" xoffset="2" yoffset="3" xadvance="52" page="0" chnl="15"/><!-- № --></chars></font>